Name,Address,Phone,Email,Website,ABN,Profession,InternshipOrInternships,ApprenticeshipOrApprenticeships,TraineeshipOrTraineeships,HROrHumanResources,JobOrJobs,CareerOrCareers,WorkPlacement,Employment,EmailCrawler,Error
Dazzling Disability Care,"Shops, 3 Carleton Street, Kambah, ACT 2902",0431 034 306,essydube@yahoo.com,,42619718400,,NO,NO,NO,NO,NO,NO,NO,NO,,Invalid or missing website
Activot Fitzroy,"180 Greenhill Rd, Parkside, SA 5063",0402 205 003,georgia@hondros.com.au,https://www.activot.com.au,30460252155,,NO,NO,NO,NO,NO,NO,NO,NO,,Request failed: Ignoring non-200 response
Claireleigh Mosman Pty Limited,"Unit 101, 8 Taylors Lane, Lane Cove North, NSW 2066",0404 143 568,ihashman@claireleigh.com.au,https://www.claireleigh.com.au,71160254955,,NO,NO,NO,NO,NO,NO,NO,NO,NA,
Society Healthcare Pty Ltd,"40 White Avenue, Maroubra, NSW 2035",0401 929 555,alvarezrosalinda@yahoo.com,,60662474320,,NO,NO,NO,NO,NO,NO,NO,NO,,Invalid or missing website
Burswood Nursing Care,"Valencia Nursing Care, 24 Valencia Road, Carmel, WA 6076",0420 958 914,valencianh@bigpond.com,https://www.roshana.com.au,20793685969,Disability Support Worker (includes Mental Health or Peer Worker),NO,NO,NO,NO,NO,YES,NO,YES,NA,
Abraham Ot Services Pty Ltd,"Unit 16, 26 Roberna Street, Moorabbin, VIC 3189",0418 143 881,vicki@aots.com.au,https://www.aots.com.au,53247359828,,NO,NO,NO,NO,NO,YES,NO,NO,admin@aots.com.au,
Fortitude Behavioural Consultants,"102 Annandale Drive, Annandale, QLD 4814",0475 040 096,llorrac2014@gmail.com,,67714435818,,NO,NO,NO,NO,NO,NO,NO,NO,,Invalid or missing website
Just Better Care - Melbourne Bayside,"Unit 1, 44 Balcombe Road, Mentone, VIC 3194",03 9596 2444,mailmb@justbettercare.com,https://www.justbettercare.com/melbourne-bayside,59830498954,,NO,NO,NO,NO,YES,YES,NO,NO,NA,
#enabled4life Ndis Plan Management,"River Gum Close, Mooloolah Valley, QLD 4553",1300 667 454,engagement@enabled4life.com.au,https://www.enabled4life.com.au,91636315930,Accountant/Bookkeeper,NO,NO,NO,NO,NO,NO,NO,NO,"paymyinvoice@enabled4life.com.au, engagement@enabled4life.com.au",
Complete Care Plan Management,"Lot 3, 21 Avondale Road, Pitt Town, NSW 2756",0418 278 956,ccplan@outlook.com,,39379076852,Accountant/Bookkeeper,NO,NO,NO,NO,NO,NO,NO,NO,,Invalid or missing website
Alliance Plan Management Services,"400 Newmarket Road, Newmarket, QLD 4051",1800 161 191,hello@allianceplanmanagement.com.au,https://www.allianceplanmanagement.com.au,71524868339,Accountant/Bookkeeper,NO,NO,NO,NO,NO,NO,NO,NO,"accounts@allianceplanmanagement.com.au, hello@allianceplanmanagement.com.au",
Hr Direct Pty Ltd,"22 Anchorage Avenue, Safety Beach, VIC 3936",0414 671 513,ian.lowles5@icloud.com,,61149554843,,NO,NO,NO,NO,NO,NO,NO,NO,,Invalid or missing website
Central Bayside Community Health Service,"31, Venice Street, Mentone, VIC 3194",03 9581 8500,,https://www.cbchs.org.au,50362120798,"Disability Support Worker (includes Mental Health or Peer Worker), Welfare Worker",NO,NO,NO,NO,YES,YES,NO,NO,NA,
Auz Plan Manager,"44 Osprey Avenue, Green Valley, NSW 2168",0424 690 968,arishma.live@gmail.com,,41667540914,,NO,NO,NO,NO,NO,NO,NO,NO,,Invalid or missing website
Idv,"88 Mcnamara Street, Macleod, VIC 3085",03 9459 8175,info@idv.com.au,https://www.idv.com.au,18018123440,,NO,NO,NO,NO,YES,NO,NO,YES,NA,
Dietitian Sj,"3 Woodcroft Drive, Woodcroft, NSW 2767",0433 201 678,sallyjuan.dieitian@gmail.com,https://www.dietitiansj.com.au,31857901572,Dietician,NO,NO,NO,NO,NO,NO,NO,NO,"88170cb0c9d64f94b5821ca7fd2d55a4@sentry-next.wixpress.com, 0e6a29e4756740a8a63493e912ba2174@sentry.wixpress.com, 460ff4620fa44cba8df530afde949785@sentry.wixpress.com, 605a7baede844d278b89dc95ae0a9123@sentry-next.wixpress.com, dd0a55ccb8124b9c9d938e3acf41f8aa@sentry.wixpress.com, 271e9fa3230b4eec94b02bf95780f5f2@sentry.wixpress.com, 8c4075d5481d476e945486754f783364@sentry.io, 98b21aa53d68482b8414e892d9af0e5f@sentry-next.wixpress.com, 2062d0a4929b45348643784b5cb39c36@sentry.wixpress.com, c183baa23371454f99f417f6616b724d@sentry.wixpress.com, ed436f5053144538958ad06a5005e99a@sentry.wixpress.com, 8eb368c655b84e029ed79ad7a5c1718e@sentry.wixpress.com, baf30a2b91654c5a840931f0137bed30@sentry.wixpress.com, f36cc48fb72b4d298c835f2793cf3b84@sentry-next.wixpress.com",
Health & Community Solutions Pty Ltd,,0438 636 041,contact@healthandcommunitysolutions.com.au,https://www.healthandcommunitysolutions.com.au,49612961896,,NO,NO,NO,NO,NO,NO,NO,NO,"clientsupport@healthandcommunitysolutions.com.au, contact@healthandcommunitysolutions.com.au",
Aegis Aged Care Group Pty Ltd,"95 Lakes Road, Greenfields, WA 6210",0439 335 564,geoff@aegiscare.com.au,https://www.aegiscare.com.au,16009048784,Disability Support Worker (includes Mental Health or Peer Worker),NO,NO,NO,NO,YES,YES,NO,NO,NA,
#enabled4life Ndis Plan Management,"Kullaiba Road, Kotara, NSW 2289",1300 667 454,engagement@enabled4life.com.au,https://www.enabled4life.com.au,91636315930,Accountant/Bookkeeper,NO,NO,NO,NO,NO,NO,NO,NO,"paymyinvoice@enabled4life.com.au, engagement@enabled4life.com.au",
Albany Halfway House Association Inc,"142 Aberdeen Street, Albany, WA 6330",08 9842 2612,hello@gsaha.org.au,https://www.gsaha.org.au,32371845303,,NO,NO,NO,NO,NO,NO,NO,NO,hello@gsaha.org.au,
Ampe Services Pty Ltd,"4 King Street, Campbelltown, NSW 2560",0432 164 324,alice.gleeson1@ampeservices.com.au,https://www.ampeservices.com.au,91623497307,Other,NO,NO,NO,NO,NO,NO,NO,NO,info@ampeservices.com.au,
Autism Queensland Limited,"College St Stephens, 803 Glenlyon Road, Glen Eden, QLD 4680",07 4977 9600,gladstone@autismqld.com.au,https://www.autismqld.com.au,79253351418,"Disability Support Worker (includes Mental Health or Peer Worker), Occupational Therapist, Other Health Professional, Speech Pathologist, Teacher",NO,NO,NO,NO,YES,YES,NO,YES,NA,
#enabled4life Ndis Plan Management,"Maitland, Maitland, NSW 2320",1300 667 454,supportservices@enabled4life.com.au,https://www.enabled4life.com.au,91636315930,Accountant/Bookkeeper,NO,NO,NO,NO,NO,NO,NO,NO,"paymyinvoice@enabled4life.com.au, engagement@enabled4life.com.au",
Acclaimed Community Support Services,"Level 2, 1-3 Janefield Drive, Bundoora, VIC 3083",03 8564 8595,info@acclaimedcss.com.au,https://www.acclaimedcss.com.au,79663019583,,NO,NO,NO,NO,NO,NO,NO,NO,info@acclaimedcss.com.au,
#enabled4life Ndis Plan Management,"Davies Street, Kincumber, NSW 2251",1300 667 454,engagement@enabled4life.com.au,https://www.enabled4life.com.au,91636315930,Accountant/Bookkeeper,NO,NO,NO,NO,NO,NO,NO,NO,"paymyinvoice@enabled4life.com.au, engagement@enabled4life.com.au",
Connect Hearing,"Shop 15, 878 Ruthven Street, Kearneys Spring, QLD 4350",07 4930 0085,toowoomba@connecthearing.com.au,https://www.connecthearing.com.au,93113235779,Other,NO,NO,NO,NO,NO,YES,NO,NO,NA,
Alliance Plan Management Services,"Kent Street, Baulkham Hills, NSW 2153",1800 161 191,hello@allianceplanmanagement.com.au,https://www.allianceplanmanagement.com.au,71524868339,Accountant/Bookkeeper,NO,NO,NO,NO,NO,NO,NO,NO,"accounts@allianceplanmanagement.com.au, hello@allianceplanmanagement.com.au",
Complete Care Disability Support Pty Ltd,"46 Leura Road, Auburn, NSW 2144",0480 441 120,completecare_ds@outlook.com,,17665664808,,NO,NO,NO,NO,NO,NO,NO,NO,,Invalid or missing website
Aussie Care & Services Pty Ltd,"10 Boardwalk Drive, Paralowie, SA 5108",,,,17648384641,,NO,NO,NO,NO,NO,NO,NO,NO,,Invalid or missing website
Empowerment Physiology,"54 Normanby Street, Yeppoon, QLD 4703",0431 341 527,shireen@empowermentphys.com.au,https://www.empowermentphys.com.au,60652760864,"Exercise Physiologist, Other",NO,NO,NO,NO,NO,NO,NO,NO,shireen@empowermentphys.com.au,
#enabled4life Ndis Plan Management,"Cygnet Street, Marks Point, NSW 2280",1300 667 454,engagement@enabled4life.com.au,https://www.enabled4life.com.au,91636315930,Accountant/Bookkeeper,NO,NO,NO,NO,NO,NO,NO,NO,"paymyinvoice@enabled4life.com.au, engagement@enabled4life.com.au",
#enabled4life Ndis Plan Management,"Lauderdale, Lauderdale, TAS 7021",1300 667 454,supportservices@enabled4life.com.au,https://www.enabled4life.com.au,91636315930,Accountant/Bookkeeper,NO,NO,NO,NO,NO,NO,NO,NO,"paymyinvoice@enabled4life.com.au, engagement@enabled4life.com.au",
Assisted Plan Management Services Pty Lt,"Mackay, Mackay, QLD 4740",0459 781 638,office@apmspl.com.au,https://www.apmspl.com.au/,37630681775,Accountant/Bookkeeper,NO,NO,NO,NO,NO,NO,NO,NO,"admin@apmspl.com.au, office@apmspl.com.au",
Australian Disability Services Pty Limit,"5-7 Northumberland Road, Auburn, NSW 2144",02 9649 2238,rasiha@ausdisability.com.au,https://www.ausdisability.com.au,29618877642,"Accountant/Bookkeeper, Art Therapist, Counsellor, Disability Support Worker (includes Mental Health or Peer Worker), Interpreter/Translator, Occupational Therapist, Other, Other Health Professional, Physiotherapist, Psychologist, Social Worker, Speech Pathologist",YES,NO,NO,NO,YES,YES,YES,YES,info@ausdisability.com.au,
Diligent Disability Care Pty Ltd,"4 Christel Avenue, Carlingford, NSW 2118",0401 787 581,shantha@diligentcare.com.au,https://www.diligentcare.com.au,42642931806,Disability Support Worker (includes Mental Health or Peer Worker),NO,NO,NO,NO,NO,NO,NO,NO,,Request failed: Ignoring non-200 response
#enabled4life Ndis Plan Management,"East Street, Killarney Vale, NSW 2261",1300 667 454,engagement@enabled4life.com.au,https://www.enabled4life.com.au,91636315930,Accountant/Bookkeeper,NO,NO,NO,NO,NO,NO,NO,NO,"paymyinvoice@enabled4life.com.au, engagement@enabled4life.com.au",
Air Liquide Healthcare Pty. Ltd.,"90 Victoria Street, St George, QLD 4487",07 4625 3469,stgeorgepharmacy@y7mail.com,https://www.airliquidehealthcare.com.au,41002653045,Other,NO,NO,NO,NO,YES,YES,NO,NO,"reception.hss@4gr8sleep.com.au, bfrosebud.hhealth@nunet.com.au, admin@auscpap.com.au, team@mylifetech.com.au, hss.rocky@gmail.com, alhorders@airliquide.com, ref.hss@outlook.com, alhvic.orders@airliquide.com, ardrossan.sleep-sc@airliquide.com, kalgoorlie@healthysleep.net.au, cpap@terrywhitebrimbank.com.au, louise@scottstreetpharmacy.com.au, priceline.cpapknox@gmail.com, reception.sleepstudies@gmail.com, goolwa.sleep-sc@airliquide.com, hills@healthysleep.net.au, reception@healthysleepwa.net.au, alhau.mackay@airliquide.com, sleepteam@wfsltd.com.au, alhsleep@outlook.com, Jasmin@heartofaustralia.com, sleepap@healthsaveerina.com.au, bern.ferraz@healthysleep.net.au, sleepapnoea@pharmacy-now.com.au, craig.moras@alhsleepsolutions.com, graham.smith-sc@airliquide.com, alhenquiries@airliquide.com, carnovalecpap@live.com, tony.shooter-sc@airliquide.com, cpap.thompsons@nunet.com.au, chris@pharmacymart.com.au, airliquideinv@bigpond.com, info@deepersleep.com.au, alhwa.order@airliquide.com, christine.lui-sc@airliquide.com, cpap@leongpharmacy.com.au, barmerasleep@gmail.com, luis.huertas-sc@airliquide.com, sleepap@healthsavecharlestown.com.au, millicent.sleep-sc@airliquide.com, alhqld.orders@airliquide.com, mvpsleepservice@frednet.com.au, cpapraymondstpharmacy@gmail.com, widebayburnett.alh-sc@airliquide.com, admin@sbhomeaids.com.au, stgeorgepharmacy@y7mail.com, graham.smith@healthysleep.net.au, alhnsw.orders@airliquide.com, portaugusta.sleep-sc@airliquide.com, lucie.wartho@gmail.com, hct@deepersleep.com.au, medicalgas@afshealthservices.com.au, alhtownsville1@gmail.com, tim@healthysleep.net.au, riverlandsleepapnoea@nunet.com.au, emma.jordan@healthysleep.net.au, mina.costa-sc@airliquide.com, ray.lei-sc@airliquide.com, southpharmacycpap@gmail.com, jeffrey.au-sc@airliquide.com, Rebecca.Worthing-sc@airliquide.com",
Jobsupport,"Unit 8, 707 Mt Alexander Road, Moonee Ponds, VIC 3039",03 9387 8900,admin@jobsupport.org.au,https://www.jobsupport.org.au,38429230773,Disability Support Worker (includes Mental Health or Peer Worker),NO,NO,NO,NO,YES,NO,NO,YES,info@jobsupport.org.au,
Chaperon Service Providers Pty Ltd,"16 Comfort Street, South Ripley, QLD 4306",0451 162 882,chaperohealthcare@gmail.com,,96631983705,Disability Support Worker (includes Mental Health or Peer Worker),NO,NO,NO,NO,NO,NO,NO,NO,,Invalid or missing website
Apple-A-Day Dietetics Pty. Ltd.,"Opposite Macdonalds, 70 Bryants Rd, Shailer Park, QLD 4128",0406 761 558,appleadaydietetics@gmail.com,https://www.appleadaydietetics.com.au,84605630279,Dietician,NO,NO,NO,NO,NO,NO,NO,NO,NA,
#enabled4life Ndis Plan Management,"Maudsland, Maudsland, QLD 4210",1300 667 454,supportservices@enabled4life.com.au,https://www.enabled4life.com.au,91636315930,Accountant/Bookkeeper,NO,NO,NO,NO,NO,NO,NO,NO,"paymyinvoice@enabled4life.com.au, engagement@enabled4life.com.au",
Alya,"461 Logan Road, Stones Corner, QLD 4120",0478 755 322,peter.keith@alya.com.au,https://www.alya.com.au,89641011458,,NO,NO,NO,NO,YES,YES,NO,NO,enquiries@alya.com.au,
Complete Care Team,"Suite 10 Clifford Chambers, 120 Russell Street, Toowoomba City, QLD 4350",0460 424 406,david@qld.cctnursing.com,https://www.cctnursing.com,41001440464,"Disability Support Worker (includes Mental Health or Peer Worker), Other, Registered Nurse",NO,NO,NO,NO,YES,NO,NO,NO,NA,
Hunter Performance Physiotherapy,"66 King Street, East Maitland, NSW 2323",02 4046 9850,admin@hpphysio.com.au,https://www.hpphysio.com.au,33614570857,,NO,NO,NO,NO,YES,NO,NO,NO,NA,
Australian Foundation For Disability,"21 Roberts Street, Wellington Point, QLD 4160",0466 927 855,charlie.seu@afford.com.au,https://www.afford.com.au,99000112729,Disability Support Worker (includes Mental Health or Peer Worker),NO,NO,NO,NO,YES,YES,NO,YES,chosen-sprite@2x.png,
Ark Disability Support Services Pty Ltd,"7 Descent Street, Ellenbrook, WA 6069",0449 251 985,leemusuka@gmail.com,,75665620422,,NO,NO,NO,NO,NO,NO,NO,NO,,Invalid or missing website
Deivian Products & Services,"Level 2 Office 16 Williams Landing Shopp, 100 Overton Road, Williams Landing, VIC 3027",1300 334 842,sachin@deivian.com.au,https://www.deivian.com.au,79630356759,"Disability Support Worker (includes Mental Health or Peer Worker), Other",NO,NO,NO,NO,NO,YES,NO,NO,"micah@micahrich.com, impallari@gmail.com",
#enabled4life Ndis Plan Management,"Woodbury Park Drive, Mardi, NSW 2259",1300 667 454,engagement@enabled4life.com.au,https://www.enabled4life.com.au,91636315930,Accountant/Bookkeeper,NO,NO,NO,NO,NO,NO,NO,NO,"paymyinvoice@enabled4life.com.au, engagement@enabled4life.com.au",
Exercise Physiology Wa,"77 Glanton Way, Dianella, WA 6059",,,,62622983685,Exercise Physiologist,NO,NO,NO,NO,NO,NO,NO,NO,,Invalid or missing website
#enabled4life Ndis Plan Management,"Kewarra Beach, Kewarra Beach, QLD 4879",1300 667 454,supportservices@enabled4life.com.au,https://www.enabled4life.com.au,91636315930,Accountant/Bookkeeper,NO,NO,NO,NO,NO,NO,NO,NO,"paymyinvoice@enabled4life.com.au, engagement@enabled4life.com.au",
Jon Grainger Psychology,"108 George Street, East Maitland, NSW 2323",02 4934 8685,info@jgpsychology.com.au,https://www.jgpsychology.com.au,59759918136,Psychologist,NO,NO,NO,NO,YES,YES,NO,NO,NA,
Evado Studios (Newport) Pty Ltd,"10 Hall Street, Newport, VIC 3015",03 8539 4470,newport@evadostudios.com.au,https://www.evadostudios.com.au/newport,26657792464,Physiotherapist,NO,NO,NO,NO,NO,YES,NO,NO,newport@evadostudios.com.au,
Country Care Group Pty Ltd,"21-23 Rowan Street, Wangaratta, VIC 3677",03 4722 1200,wangaratta@countrycaregroup.com.au,https://www.countrycaregroup.com.au,26088222226,Other,NO,NO,NO,NO,NO,NO,NO,NO,enquiry@countrycaregroup.com.au,
John Dodd Pharmacy,"256 Banna Avenue, Griffith, NSW 2680",,,,78342391268,Other,NO,NO,NO,NO,NO,NO,NO,NO,,Invalid or missing website
Jolly Care Services Pty Ltd,"26a Lucas Road, East Hills, NSW 2213",0434 433 339,n.lucy@jollycare.com.au,https://jollycare.com.au,29628626791,"Accountant/Bookkeeper, Cleaner, Disability Support Worker (includes Mental Health or Peer Worker), Gardener, Other, Other allied health,  developmental educator,  social or health science professional, Registered Nurse, Taxi or bus driver",NO,NO,NO,NO,NO,NO,NO,NO,admin@jollycare.com.au,
Affordable Care Australia Pty Ltd,"Unit 8, 40 Wellington Road, South Granville, NSW 2142",0413 805 151,junaid2c@hotmail.com,,46661902834,"Builder, Cleaner, Counsellor, Developmental Educators, Disability Support Worker (includes Mental Health or Peer Worker), Gardener, Other, Taxi or bus driver",NO,NO,NO,NO,NO,NO,NO,NO,,Invalid or missing website
#enabled4life Ndis Plan Management,"Casey Avenue, Kotara South, NSW 2289",1300 667 454,engagement@enabled4life.com.au,https://www.enabled4life.com.au,91636315930,Accountant/Bookkeeper,NO,NO,NO,NO,NO,NO,NO,NO,"paymyinvoice@enabled4life.com.au, engagement@enabled4life.com.au",
Dr Alfred's Home Care & Individual Nur,"Altona Road, Altona, VIC 3018",0487 124 664,info@alfredsupport.com.au,https://www.alfredsupport.com.au,71663566756,Disability Support Worker (includes Mental Health or Peer Worker),NO,NO,NO,NO,NO,YES,NO,NO,info@alfredsupport.com.au,
Hearing Australia,"9 Castella Street, Lilydale, VIC 3140",03 9738 8400,lilydale@hearing.com.au,https://www.hearing.com.au,80308797003,Audiologist,NO,NO,NO,NO,YES,YES,NO,NO,NA,
"Hares, Soha",,0410 685 338,livelaughlovedisabilityservices@gmail.com,,97806226082,,NO,NO,NO,NO,NO,NO,NO,NO,,Invalid or missing website
#enabled4life Ndis Plan Management,"Kingsford, Kingsford, NSW 2032",1300 667 454,supportservices@enabled4life.com.au,https://www.enabled4life.com.au,91636315930,Accountant/Bookkeeper,NO,NO,NO,NO,NO,NO,NO,NO,"paymyinvoice@enabled4life.com.au, engagement@enabled4life.com.au",
Christiana Dream Care Pty Ltd,"50 Partridge Street, Brabham, WA 6055",0451 864 843,christianadreamcare23@gmail.com,,74666367755,,NO,NO,NO,NO,NO,NO,NO,NO,,Invalid or missing website
Escape Support Services Pty Ltd,"7 Rothesay Place, Greenvale, VIC 3059",0420 432 410,info@escapesupportservices.com.au,https://www.escapesupportservices.com.au,12642975433,,NO,NO,NO,NO,NO,NO,NO,NO,info@escapesupportservices.com.au,
#enabled4life Ndis Plan Management,"St Anton Street, Marleston, SA 5033",1300 667 454,engagement@enabled4life.com.au,https://www.enabled4life.com.au,91636315930,Accountant/Bookkeeper,NO,NO,NO,NO,NO,NO,NO,NO,"paymyinvoice@enabled4life.com.au, engagement@enabled4life.com.au",
Healthy Lifestyles Australia,"56-58 Brisbane St, Drayton, QLD 4350",07 3088 2323,reception@healthylifestylesaustralia.com,https://www.healthylifestylesaustralia.com,61340634761,"Dietician, Exercise Physiologist, Other",NO,NO,NO,NO,NO,NO,NO,NO,"shop@healthylifestylesaustralia.com, reception@HLA.AU",
Johns Lyng Regional Builders Gippsland,"1 Williamsons Road, Doncaster, VIC 3108",03 5127 1115,sreid@johnslyng.com.au,https://johnslyng.com.au,12136232747,,NO,NO,NO,NO,NO,YES,NO,NO,NA,
Jolly Care Services Pty Ltd,"75 Oliveri Crescent, Green Valley, NSW 2168",0406 403 683,n.lucy@jollycare.com.au,https://jollycare.com.au,29628626791,,NO,NO,NO,NO,NO,NO,NO,NO,admin@jollycare.com.au,
Aged Care Group Unit Trust,"Traralgon Aged Care, 69 Liddiard Road, Traralgon, VIC 3844",03 5176 0758,brookfieldpark@gmail.com,,74358903943,Disability Support Worker (includes Mental Health or Peer Worker),NO,NO,NO,NO,NO,NO,NO,NO,,Invalid or missing website
Ace Plan Managment,"Beulah East Road, Beulah, VIC 3395",0423 128 110,cheryl@aceplanmanagement.com.au,https://www.aceplanmanagement.com.au,42787681058,Accountant/Bookkeeper,NO,NO,NO,NO,YES,NO,NO,NO,info@aceplanmanagement.com.au,
B Ok Psychology,"Suite 606/434, St Kilda Road, Melbourne, VIC 3004",0409 950 671,contact@bokpsychology.com,https://www.bokpsychology.com,65207848606,Psychologist,NO,NO,NO,NO,NO,NO,NO,NO,,Request failed: DNS lookup failed: no results for hostname lookup: www.bokpsychology.com.
Hand & Home,"16 Addison Avenue, Concord, NSW 2137",0420 507 710,handandhome.sil@gmail.com,,15093118248,,NO,NO,NO,NO,NO,NO,NO,NO,,Invalid or missing website
Complete Access Solutions,"706 Sturt Street, Ballarat Central, VIC 3350",0457 894 666,francishall504@gmail.com,https://completeaccesssolution.com.au/,86976250773,"Disability Support Worker (includes Mental Health or Peer Worker), Other, Welfare Worker",NO,NO,NO,NO,NO,NO,NO,NO,,Request failed: DNS lookup failed: no results for hostname lookup: completeaccesssolution.com.au.
Doability Pty Ltd,"11 Ascot Vale Road, Flemington, VIC 3031",1300 122 355,info@doability.com.au,https://www.doability.com.au,49133342542,,NO,NO,NO,NO,YES,NO,NO,NO,support@doability.com.au,
Juniper A Uniting Church Community,"Riverslea Lodge, 100 Guildford Road, Mount Lawley, WA 6050",08 9272 0800,riverslea@juniper.org.au,https://www.juniper.org.au,15360992349,Disability Support Worker (includes Mental Health or Peer Worker),NO,NO,NO,NO,NO,YES,NO,NO,juniper@juniper.org.au,
Enabled 4 Life,"Dora Street, Mayfield, NSW 2304",1300 667 454,engagement@enabled4life.com.au,https://www.enabled4life.com.au,84949453982,Accountant/Bookkeeper,NO,NO,NO,NO,NO,NO,NO,NO,"paymyinvoice@enabled4life.com.au, engagement@enabled4life.com.au",
#enabled4life Ndis Plan Management,"Eucalyptus Street, Killarney, QLD 4373",1300 667 454,engagement@enabled4life.com.au,https://www.enabled4life.com.au,91636315930,Accountant/Bookkeeper,NO,NO,NO,NO,NO,NO,NO,NO,"paymyinvoice@enabled4life.com.au, engagement@enabled4life.com.au",
Jon Martin Psychology And Consulting,"14 Terama Court, Greenwith, SA 5125",0422 846 586,jonmartin@psychologyandconsulting.com,https://www.psychologyandconsulting.com,41306848572,,NO,NO,NO,NO,NO,NO,NO,NO,,Request failed: DNS lookup failed: no results for hostname lookup: www.psychologyandconsulting.com.
Hearing Australia,"30 Bayfield Street, Bellerive, TAS 7018",03 6282 0800,bellerivehc@hearing.com.au,https://www.hearing.com.au,80308797003,,NO,NO,NO,NO,YES,YES,NO,NO,NA,
Alliance Plan Management Services,"Crawley Court, Craigieburn, VIC 3064",1800 161 191,hello@allianceplanmanagement.com.au,https://www.allianceplanmanagement.com.au,71524868339,Accountant/Bookkeeper,NO,NO,NO,NO,NO,NO,NO,NO,"accounts@allianceplanmanagement.com.au, hello@allianceplanmanagement.com.au",
Arthritis Foundation Of The Act,"170 Haydon Dr, Bruce, ACT 2617",02 6251 2055,info@arthritisact.org.au,https://www.arthritisact.org.au,25538506729,,NO,NO,NO,NO,NO,NO,NO,NO,info@arthritisact.org.au,
Agape Care Services Wa Pty Ltd,"Unit 1 2902 Albany Highway, Kelmscott, WA 6111",08 9495 2720,abie@agapecareservices.com.au,https://www.agapecareservices.com.au,14635463491,,NO,NO,NO,NO,YES,NO,NO,YES,admin@agapecareservices.com.au,
Happy Care Australia Pty Ltd,"Unit 5, 55 Pennant Avenue, Denistone, NSW 2114",0430 213 323,happycareaustralia@gmail.com,,32665151244,Disability Support Worker (includes Mental Health or Peer Worker),NO,NO,NO,NO,NO,NO,NO,NO,,Invalid or missing website
Back In Motion,"Unit 1, 74 Prospect Road, Prospect, SA 5082",08 8269 3800,prospect@backinmotion.com.au,https://www.backinmotion.com.au/prospect,64608456026,,NO,NO,NO,NO,YES,YES,NO,NO,NA,
Ace Plan Managment,"Brighton Road, Brighton, VIC 3186",0423 128 110,cheryl@aceplanmanagement.com.au,https://www.aceplanmanagement.com.au,42787681058,Accountant/Bookkeeper,NO,NO,NO,NO,YES,NO,NO,NO,info@aceplanmanagement.com.au,
Hp Accountants & Associates,"Office 507, 5 Celebration Drive, Bella Vista, NSW 2153",0416 204 066,parminder@hpaa.com.au,https://www.hpaa.com.au,97136108524,,NO,NO,NO,NO,YES,NO,NO,NO,NA,
Complete Care Plan Management,"Lot 3, 21 Avondale Road, Pitt Town, NSW 2756",0418 278 956,ccplan@outlook.com,,39379076852,,NO,NO,NO,NO,NO,NO,NO,NO,,Invalid or missing website
#enabled4life Ndis Plan Management,"Koorong Street, Marsfield, NSW 2122",1300 667 454,engagement@enabled4life.com.au,https://www.enabled4life.com.au,91636315930,Accountant/Bookkeeper,NO,NO,NO,NO,NO,NO,NO,NO,"paymyinvoice@enabled4life.com.au, engagement@enabled4life.com.au",
Australian Foundation For Disability,"35 Eucalyptus Avenue, Worrigee, NSW 2540",0411 502 772,sussan.browne@afford.com.au,https://www.afford.com.au,99000112729,Disability Support Worker (includes Mental Health or Peer Worker),NO,NO,NO,NO,YES,YES,NO,YES,chosen-sprite@2x.png,
Joining Families Support Services Incorp,"51 Standish Avenue, Oakhurst, NSW 2761",0421 653 673,intake@joiningfamilies.org,https://www.joiningfamilies.org,17882122011,"Cleaner, Counsellor, Developmental Educators, Disability Support Worker (includes Mental Health or Peer Worker), Gardener, Other, Psychologist, Social Worker, Taxi or bus driver, Welfare Worker",NO,NO,NO,NO,NO,NO,NO,NO,"88170cb0c9d64f94b5821ca7fd2d55a4@sentry-next.wixpress.com, info@joiningfamilies.org, 605a7baede844d278b89dc95ae0a9123@sentry-next.wixpress.com, dd0a55ccb8124b9c9d938e3acf41f8aa@sentry.wixpress.com, 8c4075d5481d476e945486754f783364@sentry.io, c183baa23371454f99f417f6616b724d@sentry.wixpress.com, 8eb368c655b84e029ed79ad7a5c1718e@sentry.wixpress.com",
Axis Supports Group,"490 Northbourne Avenue, Dickson, ACT 2602",1300 696 888,accounts@axissupports.com.au,https://www.axissupports.com.au,68619815333,Disability Support Worker (includes Mental Health or Peer Worker),NO,NO,NO,NO,NO,NO,NO,NO,"admin@axissupports.com.au, admin@therapyfirst.com.au",
Cornerstone Community Services Pty Ltd,"251 Marathon Boulevard, Craigieburn, VIC 3064",0411 403 267,cornerstone@australiamail.com,https://www.cornerstonecs.com.au,40643724350,"Cleaner, Developmental Educators, Disability Support Worker (includes Mental Health or Peer Worker), Social Worker, Taxi or bus driver",NO,NO,NO,NO,NO,YES,NO,NO,NA,
Hale Community Support,"53 Ansell Street, Marsden Park, NSW 2765",02 9835 9687,floribundahouse@halesupport.org.au,https://halesupport.org.au,63931266704,Disability Support Worker (includes Mental Health or Peer Worker),NO,NO,NO,NO,NO,YES,NO,NO,hcsintake@halesupport.org.au,
Athena Speech Therapy,"Level 1, 1-5 Link Road, Zetland, NSW 2017",0477 045 522,chrissie@athenaspeechtherapy.com.au,https://www.athenaspeechtherapy.com.au,76171229948,,NO,NO,NO,NO,NO,NO,NO,NO,chrissie@athenaspeechtherapy.com.au,
Aruma Services,"195 Booran Road, Caulfield South, VIC 3162",1300 538 746,enquiries@aruma.com.au,https://www.aruma.com.au,31001813403,Other,NO,NO,NO,NO,YES,YES,NO,YES,NA,
Fine Edge Additions Pty Ltd,"Unit 1, 6 Precision Place, Mulgrave, NSW 2756",0484 232 533,info@fineedgeadditions.com.au,https://www.fineedgeadditions.com.au,15609262857,,NO,NO,NO,NO,NO,NO,NO,NO,info@fineedgeadditions.com.au,
Aruma Services,"26 Arrowgrass Street, Aberglasslyn, NSW 2320",1300 538 746,enquiries@aruma.com.au,https://www.aruma.com.au,31001813403,Other,NO,NO,NO,NO,YES,YES,NO,YES,NA,
Healthy Lifestyles Australia,"311 O'reilly's Weir Road, Patrick Estate, QLD 4311",07 3088 2323,reception@healthylifestylesaustralia.com,https://www.healthylifestylesaustralia.com,61340634761,,NO,NO,NO,NO,NO,NO,NO,NO,"shop@healthylifestylesaustralia.com, reception@HLA.AU",
Healthstyles Clinic Pty Ltd,"75-77 Cameron Street, Launceston, TAS 7250",1300 240 030,robyne@healthstyles.com.au,https://healthstyles.com.au,86660584323,"Aboriginal Health Worker, Art Therapist, Audiologist, Counsellor, Developmental Educators, Dietician, Disability Support Worker (includes Mental Health or Peer Worker), Exercise Physiologist, Music Therapist, Occupational Therapist, Orthoptist, Other Health Professional, Physiotherapist, Podiatrist, Psychologist, Rehabilitation Counsellor, Social Worker, Speech Pathologist, Welfare Worker",NO,NO,NO,NO,NO,NO,NO,NO,user@domain.com,
#enabled4life Ndis Plan Management,"Nixon Street, Marion, SA 5043",1300 667 454,engagement@enabled4life.com.au,https://www.enabled4life.com.au,91636315930,Accountant/Bookkeeper,NO,NO,NO,NO,NO,NO,NO,NO,"paymyinvoice@enabled4life.com.au, engagement@enabled4life.com.au",
Goal Connect Pty Ltd.,"81 King William Street, Bayswater, WA 6053",0424 224 029,rtugwete@gmail.com,,54655518077,Registered Nurse,NO,NO,NO,NO,NO,NO,NO,NO,,Invalid or missing website
Be Inclusive Pty Ltd,"408b, 200 Burwood Road, Hawthorn, VIC 3122",1300 322 006,admin@theinclusivegroup.com.au,https://www.theinclusivegroup.com.au,86644981304,"Cleaner, Disability Support Worker (includes Mental Health or Peer Worker), Gardener, Other allied health,  developmental educator,  social or health science professional",NO,NO,NO,NO,YES,NO,NO,NO,admin@theinclusivegroup.com.au,
Aruma Services,"175 Princes Way, Drouin, VIC 3818",1300 538 746,enquiries@aruma.com.au,https://www.aruma.com.au,31001813403,Other,NO,NO,NO,NO,YES,YES,NO,YES,NA,
Alliance Plan Management Services,"3 Burke Street, Wynnum, QLD 4178",1800 161 191,hello@allianceplanmanagement.com.au,https://www.allianceplanmanagement.com.au,71524868339,Accountant/Bookkeeper,NO,NO,NO,NO,NO,NO,NO,NO,"accounts@allianceplanmanagement.com.au, hello@allianceplanmanagement.com.au",
Aruma Services,"63 City Road, Beenleigh, QLD 4207",1300 538 746,enquiries@aruma.com.au,https://www.aruma.com.au,31001813403,Other,NO,NO,NO,NO,YES,YES,NO,YES,NA,
Alliance Plan Management Services,"Carob Crescent, Craigmore, SA 5114",1800 161 191,hello@allianceplanmanagement.com.au,https://www.allianceplanmanagement.com.au,71524868339,Accountant/Bookkeeper,NO,NO,NO,NO,NO,NO,NO,NO,"accounts@allianceplanmanagement.com.au, hello@allianceplanmanagement.com.au",
Housing Choices South Australia Limited,"192 Waymouth Street, Adelaide, SA 5000",03 8636 9400,companysecretary@hcau.org.au,https://housingchoices.org.au,21122807130,,NO,NO,NO,NO,NO,YES,NO,NO,NA,
Jrd Garden & Mowing,"198 Lincoln Road, Croydon, VIC 3136",0488 557 035,jrdmowing@gmail.com,,33232255663,,NO,NO,NO,NO,NO,NO,NO,NO,,Invalid or missing website
Aruma Services,"1 Jaiden Way, Coomera, QLD 4209",1300 538 746,enquiries@aruma.com.au,https://www.aruma.com.au,31001813403,Other,NO,NO,NO,NO,YES,YES,NO,YES,NA,
Aspire Community Services,"Bungaree, Bungaree, VIC 3352",1300 080 405,info@aspirecommunityservices.com.au,https://www.aspirecommunityservices.com.au,16636863191,Disability Support Worker (includes Mental Health or Peer Worker),NO,NO,NO,NO,YES,YES,NO,YES,"Emlem@2x.png, Asset-6@3x-1536x629.png, Logo-Aspire-NDIS-providers-Melbourne@2x-300x93.png, Emlem@2x-150x150.png, info@aspirecommunityservices.com.au, Asset-6@3x-768x314.png, Logo-Aspire-NDIS-providers-Melbourne@2x.png, Asset-6@3x-300x123.png, Emlem@2x-300x300.png, Asset-6@3x-2048x839.png, Asset-6@3x-1024x419.png, Logo-Aspire-NDIS-providers-Melbourne@2x-768x238.png",
Aus Safe Support,"33 Glenview Grove, Glendenning, NSW 2761",0413 183 697,marybindu@hotmail.com,https://www.aussafesupport.com.au,76645236835,,NO,NO,NO,NO,YES,YES,NO,NO,info@aussafesupport.com.au,
G Singh Pty. Ltd.,"40 Waugoola Street, Gordon, NSW 2072",0450 677 000,planmanager2024@outlook.com,,84155228532,,NO,NO,NO,NO,NO,NO,NO,NO,,Invalid or missing website
Hale Community Support,"7 Haleluka Crescent, Plumpton, NSW 2761",0413 571 152,plumptonhouse@halesupport.org.au,https://halesupport.org.au,63931266704,Disability Support Worker (includes Mental Health or Peer Worker),NO,NO,NO,NO,NO,YES,NO,NO,hcsintake@halesupport.org.au,
Coastal Psych,"Lot 224, 106 Meehan Drive, Kiama Downs, NSW 2533",0460 717 757,ben@coastalpsych.com.au,https://www.coastalpsych.com.au,95332597299,Counsellor,NO,NO,NO,NO,NO,NO,NO,NO,605a7baede844d278b89dc95ae0a9123@sentry-next.wixpress.com,
Happiness Homecare Pty Ltd.,"9, 36 George Street, Marrickville, NSW 2204",0413 381 602,a.jianhonghu@gmail.com,,23666301846,,NO,NO,NO,NO,NO,NO,NO,NO,,Invalid or missing website
Attune Hearing Pty Ltd Brisbane,"107 Dandenong Road, Jamboree Heights, QLD 4074",07 3026 5800,mtommaneyadmin@attune.com.au,https://www.attune.com.au,95050398813,Audiologist,NO,NO,NO,NO,NO,YES,NO,NO,NA,
Enabled 4 Life,"Rundle Street, Ulladulla, NSW 2539",1300 667 454,engagement@enabled4life.com.au,https://www.enabled4life.com.au,84949453982,Accountant/Bookkeeper,NO,NO,NO,NO,NO,NO,NO,NO,"paymyinvoice@enabled4life.com.au, engagement@enabled4life.com.au",
"Emond, Judith","11 Grant Street, Meredith, VIC 3333",0408 791 097,judithemond@bigpond.com,,82872762595,,NO,NO,NO,NO,NO,NO,NO,NO,,Invalid or missing website
Aruma Services,"15 Northview Terrace, Figtree, NSW 2525",1300 538 746,enquiries@aruma.com.au,https://www.aruma.com.au,31001813403,Other,NO,NO,NO,NO,YES,YES,NO,YES,NA,
Jrac Support Services,"20 Davis Close, Manoora, QLD 4870",0412 910 244,jjsupermarket16@outlook.com,,39676657417,,NO,NO,NO,NO,NO,NO,NO,NO,,Invalid or missing website
Dietitian Sj,"Shop 15, 161 Macquarie St, Liverpool, NSW 2170",0433 201 678,sallyjuan.dietitian@gmail.com,https://www.dietitiansj.com.au,31857901572,Dietician,NO,NO,NO,NO,NO,NO,NO,NO,"88170cb0c9d64f94b5821ca7fd2d55a4@sentry-next.wixpress.com, 0e6a29e4756740a8a63493e912ba2174@sentry.wixpress.com, 460ff4620fa44cba8df530afde949785@sentry.wixpress.com, 605a7baede844d278b89dc95ae0a9123@sentry-next.wixpress.com, dd0a55ccb8124b9c9d938e3acf41f8aa@sentry.wixpress.com, 271e9fa3230b4eec94b02bf95780f5f2@sentry.wixpress.com, 8c4075d5481d476e945486754f783364@sentry.io, 98b21aa53d68482b8414e892d9af0e5f@sentry-next.wixpress.com, 2062d0a4929b45348643784b5cb39c36@sentry.wixpress.com, c183baa23371454f99f417f6616b724d@sentry.wixpress.com, ed436f5053144538958ad06a5005e99a@sentry.wixpress.com, 8eb368c655b84e029ed79ad7a5c1718e@sentry.wixpress.com, baf30a2b91654c5a840931f0137bed30@sentry.wixpress.com, f36cc48fb72b4d298c835f2793cf3b84@sentry-next.wixpress.com",
Alliance Plan Management Services,"Christine Avenue, Alfredton, VIC 3350",1800 161 191,hello@allianceplanmanagement.com.au,https://www.allianceplanmanagement.com.au,71524868339,Accountant/Bookkeeper,NO,NO,NO,NO,NO,NO,NO,NO,"accounts@allianceplanmanagement.com.au, hello@allianceplanmanagement.com.au",
Alliance Plan Management Services,"Tate Street, East Geelong, VIC 3219",1800 161 191,hello@allianceplanmanagement.com.au,https://www.allianceplanmanagement.com.au,71524868339,Accountant/Bookkeeper,NO,NO,NO,NO,NO,NO,NO,NO,"accounts@allianceplanmanagement.com.au, hello@allianceplanmanagement.com.au",
Australian Epic Health Services Pty Ltd,"Unit 9, 25 Regent Street, Preston, VIC 3072",0431 101 905,anil.b@aehsndis.com.au,https://www.aehsndis.com.au,65636929890,Disability Support Worker (includes Mental Health or Peer Worker),NO,NO,NO,NO,YES,NO,NO,NO,"460ff4620fa44cba8df530afde949785@sentry.wixpress.com, email@example.com, 605a7baede844d278b89dc95ae0a9123@sentry-next.wixpress.com, dd0a55ccb8124b9c9d938e3acf41f8aa@sentry.wixpress.com, 271e9fa3230b4eec94b02bf95780f5f2@sentry.wixpress.com, 2062d0a4929b45348643784b5cb39c36@sentry.wixpress.com, c183baa23371454f99f417f6616b724d@sentry.wixpress.com, support@aehsndis.com.au, ed436f5053144538958ad06a5005e99a@sentry.wixpress.com, 8eb368c655b84e029ed79ad7a5c1718e@sentry.wixpress.com",
Aruma Services,"11 Harewood Place, Cecil Hills, NSW 2171",1300 538 746,enquiries@aruma.com.au,https://www.aruma.com.au,31001813403,Other,NO,NO,NO,NO,YES,YES,NO,YES,NA,
#enabled4life Ndis Plan Management,"Ashford Road, Keswick, SA 5035",1300 667 454,engagement@enabled4life.com.au,https://www.enabled4life.com.au,91636315930,Accountant/Bookkeeper,NO,NO,NO,NO,NO,NO,NO,NO,"paymyinvoice@enabled4life.com.au, engagement@enabled4life.com.au",
Joya Medical Supplies,"Unit 2, 28 Newheath Drive, Arundel, QLD 4214",1300 005 032,pinal.patel@joyamedicalsupplies.com.au,https://www.joyamedicalsupplies.com.au,65637602914,Other,NO,NO,NO,NO,NO,NO,NO,NO,,Request failed: Ignoring non-200 response
Civic Disability Services Limited,"73 Cabramatta Avenue, Miller, NSW 2168",,,https://www.civic.org.au,16000744141,Disability Support Worker (includes Mental Health or Peer Worker),NO,NO,NO,NO,YES,YES,NO,YES,enquiries@civic.org.au,
Aus-Con Plan Design Build,"84 Saltash Street, Yagoona, NSW 2199",0403 757 525,hello@connectmycommunity.com.au,https://www.connectmycommunity.com.au,52617737238,,NO,NO,NO,NO,NO,NO,NO,NO,hello@connectmycommunity.com.au,
B&f Care Pty Ltd,"6 Allum Way, Logan Reserve, QLD 4133",0426 409 905,kangethepaul@gmail.com,,31661181488,,NO,NO,NO,NO,NO,NO,NO,NO,,Invalid or missing website
#enabled4life Ndis Plan Management,"Sandham Street, Meningie, SA 5264",1300 667 454,engagement@enabled4life.com.au,https://www.enabled4life.com.au,91636315930,Accountant/Bookkeeper,NO,NO,NO,NO,NO,NO,NO,NO,"paymyinvoice@enabled4life.com.au, engagement@enabled4life.com.au",
Bay Of Isles Community Outreach Inc,"Units 4-6, 56 The Esplanade, Esperance, WA 6450",08 9072 1072,admin@boico.org.au,https://www.boico.org.au,91511282882,,NO,NO,NO,NO,NO,NO,NO,NO,,"Request failed: TCP connection timed out: 10060: A connection attempt failed because the connected party did not properly respond after a period of time, or established connection failed because connected host has failed to respond.."
#enabled4life Ndis Plan Management,"Gray Street, Kilkenny, SA 5009",1300 667 454,engagement@enabled4life.com.au,https://www.enabled4life.com.au,91636315930,Accountant/Bookkeeper,NO,NO,NO,NO,NO,NO,NO,NO,"paymyinvoice@enabled4life.com.au, engagement@enabled4life.com.au",
Activot Northfield,"Po Box 1107, Clearview, SA 5085",0400 091 116,natasha@activot.com.au,https://www.activot.com.au/,83699500128,,NO,NO,NO,NO,NO,NO,NO,NO,,Request failed: Ignoring non-200 response
Barunga Village Inc,"Barunga Village, 11 Edmund Street, Port Broughton, SA 5522",08 8635 0541,mhewett@barungavillage.com.au,https://www.barungavillage.com.au,30211708504,Disability Support Worker (includes Mental Health or Peer Worker),NO,NO,NO,NO,NO,YES,NO,YES,headoffice@barungavillage.com.au,
Afea Pty Ltd,"111 Adelaide Street, Oxley Park, NSW 2760",1300 651 133,hello@afea.com.au,https://www.afea.com.au,93118260156,"Disability Support Worker (includes Mental Health or Peer Worker), Registered Nurse",NO,NO,NO,NO,YES,YES,NO,NO,NA,
Healthy Mind Centre Launceston Pty Ltd,"Office 8, 2 Trotters Lane, Prospect, TAS 7250",03 6388 9229,olivia.boer@healthymindcentre.com.au,https://www.healthymindcentre.com.au,79621833065,,YES,NO,NO,NO,NO,YES,NO,NO,admin@healthymindcentre.com.au,
Empower Ot,"7 Carindale Street, Kellyville Ridge, NSW 2155",0480 122 110,management@empoweroccupationaltherapy.com.au,https://www.empoweroccupationaltherapy.com.au,78662381240,,NO,NO,NO,NO,NO,NO,NO,NO,"605a7baede844d278b89dc95ae0a9123@sentry-next.wixpress.com, dd0a55ccb8124b9c9d938e3acf41f8aa@sentry.wixpress.com, c183baa23371454f99f417f6616b724d@sentry.wixpress.com, gemma@empoweroccupationaltherapy.com.au",
Angel Caring Group,"62 Stately Drive, Cranbourne East, VIC 3977",0425 364 939,sonuprabh@hotmail.com,,91653480267,,NO,NO,NO,NO,NO,NO,NO,NO,,Invalid or missing website
Amr Development Enterprise,"5 Charles Street, Gulliver, QLD 4812",07 4753 4850,adminndis@tatsicfw.com,https://www.tatsicfw.com,35247907885,"Disability Support Worker (includes Mental Health or Peer Worker), Gardener, Other",NO,NO,NO,NO,NO,NO,NO,NO,,"Request failed: TCP connection timed out: 10060: A connection attempt failed because the connected party did not properly respond after a period of time, or established connection failed because connected host has failed to respond.."
John Blythe Child Psychology,"64 Gymea Bay Road, Gymea, NSW 2227",02 9622 9610,info@childpsychology.net.au,https://www.childpsychology.net.au,18648305929,Psychologist,NO,NO,NO,NO,NO,YES,NO,NO,"18d2f96d279149989b95faf0a4b41882@sentry-next.wixpress.com, 605a7baede844d278b89dc95ae0a9123@sentry-next.wixpress.com, dd0a55ccb8124b9c9d938e3acf41f8aa@sentry.wixpress.com, 5d1795a2db124a268f1e1bd88f503500@sentry.wixpress.com, 8c4075d5481d476e945486754f783364@sentry.io, 2062d0a4929b45348643784b5cb39c36@sentry.wixpress.com, c183baa23371454f99f417f6616b724d@sentry.wixpress.com",
#enabled4life Ndis Plan Management,"Kyneton, Kyneton, VIC 3444",1300 667 454,supportservices@enabled4life.com.au,https://www.enabled4life.com.au,91636315930,Accountant/Bookkeeper,NO,NO,NO,NO,NO,NO,NO,NO,"paymyinvoice@enabled4life.com.au, engagement@enabled4life.com.au",
Aidacare Pty Ltd,"273c Kennedy Drive, Cambridge, TAS 7170",03 6229 4733,ndis@aidacare.com.au,https://www.aidacare.com.au,40134398833,"Occupational Therapist, Other",NO,NO,NO,NO,NO,NO,NO,NO,,Request failed: Ignoring non-200 response
Eloma Care,"Shop 1, 102 York Street, Beenleigh, QLD 4207",1300 764 355,info@elomacare.com.au,https://elomacare.com.au,12658255273,Social Worker,NO,NO,NO,NO,YES,YES,NO,NO,NA,
#enabled4life Ndis Plan Management,"Lang Street, Kurri Kurri, NSW 2327",1300 667 454,engagement@enabled4life.com.au,https://www.enabled4life.com.au,91636315930,Accountant/Bookkeeper,NO,NO,NO,NO,NO,NO,NO,NO,"paymyinvoice@enabled4life.com.au, engagement@enabled4life.com.au",
Cocoon Sda Care,"Unit 106, 2 Higherdale Avenue, Miranda, NSW 2228",,,https://www.cocoons.com.au,35163786874,Disability Support Worker (includes Mental Health or Peer Worker),NO,NO,NO,NO,YES,NO,NO,YES,info@cocoons.com.au,
Johann Thornton Holdings,"4 Studley Street, Carramar, NSW 2163",0404 844 883,johann_1961@yahoo.com.au,,39718224414,,NO,NO,NO,NO,NO,NO,NO,NO,,Invalid or missing website
Ace Plan Managment,"Eppalock Airfield Road, Eppalock, VIC 3551",0423 128 110,cheryl@aceplanmanagement.com.au,https://www.aceplanmanagement.com.au,42787681058,Accountant/Bookkeeper,NO,NO,NO,NO,YES,NO,NO,NO,info@aceplanmanagement.com.au,
#enabled4life Ndis Plan Management,"Lakes Entrance, Lakes Entrance, VIC 3909",1300 667 454,supportservices@enabled4life.com.au,https://www.enabled4life.com.au,91636315930,Accountant/Bookkeeper,NO,NO,NO,NO,NO,NO,NO,NO,"paymyinvoice@enabled4life.com.au, engagement@enabled4life.com.au",
Flexichoice Mdfsa,"130 Mason Street, Mareeba, QLD 4880",07 4092 2332,office@flexichoice.org.au,https://www.flexichoice.org.au/,54025226464,Other,NO,NO,NO,NO,NO,NO,NO,NO,"18d2f96d279149989b95faf0a4b41882@sentry-next.wixpress.com, 605a7baede844d278b89dc95ae0a9123@sentry-next.wixpress.com, dd0a55ccb8124b9c9d938e3acf41f8aa@sentry.wixpress.com, 5d1795a2db124a268f1e1bd88f503500@sentry.wixpress.com, 8c4075d5481d476e945486754f783364@sentry.io, c183baa23371454f99f417f6616b724d@sentry.wixpress.com, 8eb368c655b84e029ed79ad7a5c1718e@sentry.wixpress.com",
Afterhours Kid Pty Ltd,"121 Norton Street, Leichhardt, NSW 2040",0412 091 109,kicksleichhardt121@gmail.com,,21632709954,"Other, Social Worker",NO,NO,NO,NO,NO,NO,NO,NO,,Invalid or missing website
Bcognitive,"263 Sturt Street, Adelaide, SA 5000",0468 787 481,brian.n@bcognitive.com.au,https://www.bcognitive.com.au/,11656093373,"Aboriginal Health Worker, Counsellor, Developmental Educators, Disability Support Worker (includes Mental Health or Peer Worker), Occupational Therapist, Other allied health,  developmental educator,  social or health science professional, Social Worker",NO,NO,NO,NO,NO,NO,NO,NO,NA,
Aruma Services,"47 Mcguire Drive, Goulburn, NSW 2580",1300 538 746,enquiries@aruma.com.au,https://www.aruma.com.au,31001813403,Other,NO,NO,NO,NO,YES,YES,NO,YES,NA,
Happymoon Bakery Pty Ltd,"Unit 4, 22 Redland Drive, Mitcham, VIC 3132",0423 683 909,xianjing120@hotmail.com,,76669002608,,NO,NO,NO,NO,NO,NO,NO,NO,,Invalid or missing website
Goc Care Philia Support Services,"22a Browning Street, South Brisbane, QLD 4101",0413 207 713,claire.gordon@goccare.com.au,https://www.goccare.com.au,34586496769,Disability Support Worker (includes Mental Health or Peer Worker),NO,NO,NO,NO,NO,YES,NO,NO,info@goccare.com.au,
#enabled4life Ndis Plan Management,"Hedgeland Close, Meadowbank, NSW 2114",1300 667 454,engagement@enabled4life.com.au,https://www.enabled4life.com.au,91636315930," , Accountant/Bookkeeper",NO,NO,NO,NO,NO,NO,NO,NO,"paymyinvoice@enabled4life.com.au, engagement@enabled4life.com.au",
H.A.D Healthcare Pty Ltd,"Unit 205, 1510 Pascoe Vale Road, Coolaroo, VIC 3048",0410 405 185,hadhealthcare.ndis@gmail.com,,34653524577,,NO,NO,NO,NO,NO,NO,NO,NO,,Invalid or missing website
#enabled4life Ndis Plan Management,"Loira, Loira, TAS 7275",1300 667 454,supportservices@enabled4life.com.au,https://www.enabled4life.com.au,91636315930,Accountant/Bookkeeper,NO,NO,NO,NO,NO,NO,NO,NO,"paymyinvoice@enabled4life.com.au, engagement@enabled4life.com.au",
Finest Care Pty Ltd,"1 Parkes Way, Hampton Park, VIC 3976",0470 654 845,alialhusuni1@gmail.com,,25653526535,,NO,NO,NO,NO,NO,NO,NO,NO,,Invalid or missing website
Jrp Physiotherapy,"18 Raleigh Street, Westmeadows, VIC 3049",0423 858 325,admin@jrp-physio.com,https://www.jrp-physio.com,17510647030,Physiotherapist,NO,NO,NO,NO,NO,NO,NO,NO,,Request failed: Ignoring non-200 response
Happy In Home Care Pty Ltd.,"Unit 18, 1 Dayman Place, Marsfield, NSW 2122",0405 648 862,michellepingol@yahoo.com,,79657528615,,NO,NO,NO,NO,NO,NO,NO,NO,,Invalid or missing website
Alliance Plan Management Services,"Grafton Street, East Ipswich, QLD 4305",1800 161 191,hello@allianceplanmanagement.com.au,https://www.allianceplanmanagement.com.au,71524868339,Accountant/Bookkeeper,NO,NO,NO,NO,NO,NO,NO,NO,"accounts@allianceplanmanagement.com.au, hello@allianceplanmanagement.com.au",
Alpha Quality Care,"Unit 4 76 Manahan Street, Condell Park, NSW 2200",0416 261 654,salwa.marzouk@hotmail.com,https://www.alphaqualitycare.com.au,20135415542,Aboriginal Health Worker,NO,NO,NO,NO,NO,NO,NO,NO,,Request failed: Ignoring non-200 response
Apex Health And Rehab Solutions,,0410 180 003,andrewa@apexhrs.com.au,https://www.apexhrs.com.au,71386112721,,NO,NO,NO,NO,NO,NO,NO,NO,info@apexhrs.com.au,
"Ainsworth, Elizabeth","43, Rutland Street, Coorparoo, QLD 4151",0408 781 554,info@homedesignforliving.com,https://www.homedesignforliving.com,84408759040,,NO,NO,NO,NO,NO,NO,NO,NO,NA,
#enabled4life Ndis Plan Management,"Kojonup, Kojonup, WA 6395",1300 667 454,supportservices@enabled4life.com.au,https://www.enabled4life.com.au,91636315930,Accountant/Bookkeeper,NO,NO,NO,NO,NO,NO,NO,NO,"paymyinvoice@enabled4life.com.au, engagement@enabled4life.com.au",
Autism Association Of Western Australia (Inc),"37-39 Hay Street, Subiaco, WA 6008",08 9489 8900,autismwa@autism.org.au,https://www.autism.org.au,54354917843,"Occupational Therapist, Psychologist, Speech Pathologist",NO,NO,NO,NO,YES,YES,NO,YES,autismwa@autism.org.au,
B Miles Womens Foundation Incorporated,"Shop 5, 203 New South Head Road, Edgecliff, NSW 2027",02 8036 5559,leanne@bmiles.org.au,https://www.bmiles.org.au,31323982619,,NO,NO,NO,NO,NO,NO,NO,NO,NA,
Attune Hearing Pty Ltd Brisbane,"Unit 211, 300 Pacific Highway, Crows Nest, NSW 2065",02 8423 6000,crowsnest@attune.com.au,https://www.attune.com.au,95050398813,"Audiologist, Other",NO,NO,NO,NO,NO,YES,NO,NO,NA,
Alliance Plan Management Services,"Cooper Drive, St Albans Park, VIC 3219",1800 161 191,hello@allianceplanmanagement.com.au,https://www.allianceplanmanagement.com.au,71524868339,Accountant/Bookkeeper,NO,NO,NO,NO,NO,NO,NO,NO,"accounts@allianceplanmanagement.com.au, hello@allianceplanmanagement.com.au",
Aruma Services,"2 Churnwood Place, Albion Park Rail, NSW 2527",1300 538 746,enquiries@aruma.com.au,https://www.aruma.com.au,31001813403,Other,NO,NO,NO,NO,YES,YES,NO,YES,NA,
"Angel, Elizabeth Anne","Unit 14, 27 Miranda Road, Miranda, NSW 2228",0414 498 390,liz@lizangel.com.au,https://www.lizangelconsultancy.com.au,95711685945,,NO,NO,NO,NO,NO,NO,NO,NO,NA,
Alliance Plan Management Services,"354 Bay Street, Brighton-Le-Sands, NSW 2216",1800 161 191,hello@allianceplanmanagement.com.au,https://www.allianceplanmanagement.com.au,71524868339,Accountant/Bookkeeper,NO,NO,NO,NO,NO,NO,NO,NO,"accounts@allianceplanmanagement.com.au, hello@allianceplanmanagement.com.au",
Empower Health Services Pty Ltd,"Unit 1, 21 Short Street, Port Macquarie, NSW 2444",0423 933 512,gabriel@empowerhealthservices.com.au,https://www.empowerhealthservices.com.au,12636650569,,NO,NO,NO,NO,NO,NO,NO,NO,"impallari@gmail.com, team@latofonts.com, admin@empowerhealthservices.com.au",
Dowdy Clean,"13 Pads Way, Sunbury, VIC 3429",0498 196 323,dowdyclean@gmail.com,,44669222806,,NO,NO,NO,NO,NO,NO,NO,NO,,Invalid or missing website
Happy Breeze Therapy Services,"60 Dillon Road, Flinders, NSW 2529",0432 784 760,contact@happybreeze.com.au,https://www.happybreeze.com.au,32424291884,,NO,NO,NO,NO,YES,NO,NO,NO,"filler@godaddy.com, impallari@gmail.com",
#enabled4life Ndis Plan Management,"George Street, Kilburn, SA 5084",1300 667 454,engagement@enabled4life.com.au,https://www.enabled4life.com.au,91636315930,Accountant/Bookkeeper,NO,NO,NO,NO,NO,NO,NO,NO,"paymyinvoice@enabled4life.com.au, engagement@enabled4life.com.au",
Central Coast Living Options,"Unit 3, 30 Boyce Avenue, Wyong, NSW 2259",02 4353 2411,praveen@cclo.com.au,https://www.cclo.com.au,37089411280,Disability Support Worker (includes Mental Health or Peer Worker),NO,NO,NO,NO,NO,NO,NO,NO,info@cclo.com.au,
Ampey Pty Ltd,"Citigate Centre, Suite 1 451 Pacific Highway, Wyoming, NSW 2250",0411 919 805,ampey@ampeyou.com,https://www.ampeyou.com,79648441150,"Disability Support Worker (includes Mental Health or Peer Worker), Other",NO,NO,NO,NO,NO,NO,NO,NO,"460ff4620fa44cba8df530afde949785@sentry.wixpress.com, 271e9fa3230b4eec94b02bf95780f5f2@sentry.wixpress.com, dd0a55ccb8124b9c9d938e3acf41f8aa@sentry.wixpress.com, 605a7baede844d278b89dc95ae0a9123@sentry-next.wixpress.com, 2062d0a4929b45348643784b5cb39c36@sentry.wixpress.com, ampeyou@outlook.com, ampey@ampeyou.com, c183baa23371454f99f417f6616b724d@sentry.wixpress.com, 8eb368c655b84e029ed79ad7a5c1718e@sentry.wixpress.com",
Foot Body Sole,"Shop B009a, 571-583 High Street, Epping, VIC 3076",,,https://footbodysole.com.au,60462657752,Podiatrist,NO,NO,NO,NO,NO,YES,NO,NO,"460ff4620fa44cba8df530afde949785@sentry.wixpress.com, info@footbodysole.com.au, 605a7baede844d278b89dc95ae0a9123@sentry-next.wixpress.com, dd0a55ccb8124b9c9d938e3acf41f8aa@sentry.wixpress.com, 271e9fa3230b4eec94b02bf95780f5f2@sentry.wixpress.com, 8c4075d5481d476e945486754f783364@sentry.io, 54b4aac306184111a223c0f4aea635c3@sentry.wixpress.com, 2062d0a4929b45348643784b5cb39c36@sentry.wixpress.com, c183baa23371454f99f417f6616b724d@sentry.wixpress.com, ed436f5053144538958ad06a5005e99a@sentry.wixpress.com, 8eb368c655b84e029ed79ad7a5c1718e@sentry.wixpress.com",
#enabled4life Ndis Plan Management,"Kunyal Place, Greystanes, NSW 2145",1300 667 454,engagement@enabled4life.com.au,https://www.enabled4life.com.au,91636315930," , Accountant/Bookkeeper",NO,NO,NO,NO,NO,NO,NO,NO,"paymyinvoice@enabled4life.com.au, engagement@enabled4life.com.au",
Everyday Independence Pty Ltd Vic,"5 Doherty Street, Pakenham, VIC 3810",1300 179 131,mytherapy@everydayind.com.au,https://www.everydayind.com.au,66601657596,"Occupational Therapist, Physiotherapist, Speech Pathologist",NO,NO,NO,NO,YES,YES,NO,NO,"image-3@2x.png, decoration-big@2x.png, image-3@2x-768x430.png, image-3@2x-1024x573.png, image-3@2x-300x168.png",
#enabled4life Ndis Plan Management,"Gundagai, Gundagai, NSW 2722",1300 667 454,supportservices@enabled4life.com.au,https://www.enabled4life.com.au,91636315930,Accountant/Bookkeeper,NO,NO,NO,NO,NO,NO,NO,NO,"paymyinvoice@enabled4life.com.au, engagement@enabled4life.com.au",
Aidacare Pty Ltd,"4 Daws Road, Ascot Park, SA 5043",08 8293 5444,ndis@aidacare.com.au,https://www.aidacare.com.au,40134398833,"Occupational Therapist, Other",NO,NO,NO,NO,NO,NO,NO,NO,,Request failed: Ignoring non-200 response
Hammondcare,"Strathearn House, 75 Gundy Road, Scone, NSW 2337",,,https://www.hammond.com.au,48000026219,Disability Support Worker (includes Mental Health or Peer Worker),NO,NO,NO,NO,YES,YES,NO,NO,NA,
Douglas Shire Community Services Associa,"20 Mill Street, Mossman, QLD 4873",49938191,lifestyle@dscsa.org.au,https://www.mossmansupportservices.org.au,60077203004,Other,NO,NO,NO,NO,NO,YES,NO,NO,"admin@dscsa.org.au, coordinator@dscsa.org.au",
Chinese Parents Association Children With Disabilities Inc,"46 Edward Street, Summer Hill, NSW 2130",02 9789 1315,admin@chineseparents.org.au,https://www.chineseparents.org.au,63938108704,,NO,NO,NO,NO,NO,NO,NO,NO,admin@chineseparents.org.au,
H-L-Therapy,"Unit 1, 2 Kincraig Crescent, Modbury, SA 5092",0490 463 042,contact@h-ltherapy.com.au,https://www.h-ltherapy.com.au,91203966128,,NO,NO,NO,NO,NO,NO,NO,NO,,Request failed: Ignoring non-200 response
Ace Plan Managment,"Bellfield Track, Bellfield, VIC 3081",0423 128 110,cheryl@aceplanmanagement.com.au,https://www.aceplanmanagement.com.au,42787681058,Accountant/Bookkeeper,NO,NO,NO,NO,YES,NO,NO,NO,info@aceplanmanagement.com.au,
Healthy Movers Pty Ltd,"1535 Centre Road, Clayton, VIC 3168",0418 673 629,info@healthymovers.com.au,https://healthymovers.com.au,80615207200,"Exercise Physiologist, Personal Trainer",NO,NO,NO,NO,NO,NO,NO,NO,info@healthymovers.com.au,
Almond Care,"Unit 7, 90 Wembley Road, Logan Central, QLD 4114",0421 744 883,info@almondcare.com.au,https://www.almondcare.com.au/,59640857094,,NO,NO,NO,NO,YES,NO,NO,NO,"almondcare21@gmail.com, info@almondcare.com.au, wordpress@almondcare.com.au, info@almondcare.com.au.test-google-a.com",
Complete Allied Health Care Pty Ltd,"1 North Terrace, Bankstown, NSW 2200",02 9793 2022,bankstown@jtphysio.com.au,https://www.completeahc.com.au,48606942723,Exercise Physiologist,NO,NO,NO,YES,YES,YES,NO,NO,admin@completeahc.com.au,
Aruma Services,"29 Tannery Street, Unanderra, NSW 2526",1300 538 746,enquiries@aruma.com.au,https://www.aruma.com.au,31001813403,Other,NO,NO,NO,NO,YES,YES,NO,YES,NA,
Evolve Neuro Rehab,"20 Fourth Avenue, Mawson Lakes, SA 5095",0424 637 408,aimenhaider98@gmail.com,,40633852507,,NO,NO,NO,NO,NO,NO,NO,NO,,Invalid or missing website
Elohim Disability Services,"1-3 Balmoral Road, Port Pirie South, SA 5540",0428 434 614,angela.hill@elohds.com.au,https://www.elohds.com.au,60356080134,Disability Support Worker (includes Mental Health or Peer Worker),NO,NO,NO,NO,NO,NO,NO,NO,,Request failed: Ignoring non-200 response
Apex Software Pty Ltd,"Lark-Ellen Nursing Home, 133 Jannali Avenue, Sutherland, NSW 2232",02 9521 2855,admin@apexagedcare.com.au,https://www.apexagedcare.com.au,55002338007,Disability Support Worker (includes Mental Health or Peer Worker),NO,NO,NO,NO,NO,NO,NO,NO,,Request failed: DNS lookup failed: no results for hostname lookup: www.apexagedcare.com.au.
Empathy Care Services Pty Ltd,"Unit 4 157 Ascot Vale Road, Ascot Vale, VIC 3032",0434 350 858,lensa97@gmail.com,,56648830737,,NO,NO,NO,NO,NO,NO,NO,NO,,Invalid or missing website
Alternative Social Health Support,"26 Tynan Street, Orange, NSW 2800",0475 921 708,admin@alternativesocialhealthsupport.com.au,https://www.alternativesocialhealthsupport.com.au,85335069909,,NO,NO,NO,NO,NO,NO,NO,NO,NA,
#enabled4life Ndis Plan Management,"Kingston, Kingston, ACT 2604",1300 667 454,engagement@enabled4life.com.au,https://www.enabled4life.com.au,91636315930,Accountant/Bookkeeper,NO,NO,NO,NO,NO,NO,NO,NO,"paymyinvoice@enabled4life.com.au, engagement@enabled4life.com.au",
Hunter Valley Disability Services,"67-73 The Boulevarde, Toronto, NSW 2283",02 6413 3001,gavin@hvit.net.au,https://www.hvit.net.au,50671592957,Disability Support Worker (includes Mental Health or Peer Worker),NO,NO,NO,NO,YES,NO,NO,NO,NA,
Araluen Centre,"2-6 Turnham Avenue, Rosanna, VIC 3084",03 9439 2805,helenr@araluen.org,https://araluen.org.au,45056676558,Disability Support Worker (includes Mental Health or Peer Worker),NO,NO,NO,NO,YES,YES,NO,NO,"Araluen-staff-photo-660-x-550@2x-200x154.png, Araluen_web_home_page_News_660@2x-600x462.png, Araluen-web-front-page-art-gal@2x.png, Araluen-staff-photo-660-x-550@2x-1200x923.png, Araluen-web-front-page-art-gal@2x-600x462.png, Araluen-web-front-page-art-gal@2x-200x154.png, ndis-logo@2x-1-400x123.png, birthday@araluen.org, ndis-logo@2x-1-800x245.png, Araluen_web_refresh_home_page_@2x-200x154.png, Araluen_web_home_page_News_660@2x-800x615.png, Araluen-staff-photo-660-x-550@2x-600x462.png, Araluen_web_refresh_home_page_@2x-400x308.png, ndis-logo@2x-1-600x184.png, ndis-logo@2x-1-300x92.png, Araluen-web-front-page-art-gal@2x-1200x923.png, Araluen_web_home_page_News_660@2x-200x154.png, Araluen-staff-photo-660-x-550@2x.png, ndis-logo@2x-1-200x61.png, Araluen_web_home_page_News_660@2x-400x308.png, Araluen_web_refresh_home_page_@2x-600x462.png, Araluen-web-front-page-art-gal@2x-800x615.png, ndis-logo@2x-1.png, Araluen-staff-photo-660-x-550@2x-400x308.png, Araluen_web_refresh_home_page_@2x-800x615.png, Araluen_web_refresh_home_page_@2x.png, ndis-logo@2x-1-768x235.png, Araluen-staff-photo-660-x-550@2x-800x615.png, Araluen_web_home_page_News_660@2x.png, Araluen-web-front-page-art-gal@2x-400x308.png, Araluen_web_refresh_home_page_@2x-1200x923.png, Araluen_web_home_page_News_660@2x-1200x923.png",
